{
  "Llama Guard 4 (12B)": {
    "label": "Llama Guard 4 (12B)",
    "model_id": "meta-llama/llama-guard-4-12b",
    "total": 942,
    "tp": 196,
    "fp": 16,
    "tn": 374,
    "fn": 356,
    "metrics": {
      "accuracy": 0.6050955414012739,
      "precision": 0.9245283018867925,
      "recall": 0.35507246376811596,
      "f1": 0.5130890052356021,
      "false_positive_rate": 0.041025641025641026,
      "false_negative_rate": 0.644927536231884
    },
    "avg_latency_ms": 564.12
  },
  "GPT-OSS-Safeguard (20B)": {
    "label": "GPT-OSS-Safeguard (20B)",
    "model_id": "openai/gpt-oss-safeguard-20b",
    "total": 942,
    "tp": 21,
    "fp": 66,
    "tn": 324,
    "fn": 531,
    "metrics": {
      "accuracy": 0.3662420382165605,
      "precision": 0.2413793103448276,
      "recall": 0.03804347826086957,
      "f1": 0.06572769953051644,
      "false_positive_rate": 0.16923076923076924,
      "false_negative_rate": 0.9619565217391305
    },
    "avg_latency_ms": 2530.83
  }
}