{
  "meta": {
    "timestamp": "2026-06-15T16:18:39.054690+00:00",
    "python_version": "3.13.7 (tags/v3.13.7:bcee1c3, Aug 14 2025, 14:15:11) [MSC v.1944 64 bit (AMD64)]",
    "cwd": "C:\\Users\\Aksha\\OneDrive\\Desktop\\semantic_firewall"
  },
  "with_gate": {
    "label": "with_gate",
    "total": 942,
    "tp": 208,
    "fp": 28,
    "tn": 362,
    "fn": 344,
    "metrics": {
      "accuracy": 0.6050955414012739,
      "precision": 0.8813559322033898,
      "recall": 0.37681159420289856,
      "f1": 0.5279187817258884,
      "false_positive_rate": 0.07179487179487179,
      "false_negative_rate": 0.6231884057971014
    },
    "llm_invoked": 0,
    "regex_only": 942,
    "avg_latency_ms": 728.3,
    "total_latency_ms": 686056.61
  },
  "without_gate": {
    "label": "without_gate",
    "total": 942,
    "tp": 504,
    "fp": 51,
    "tn": 339,
    "fn": 48,
    "metrics": {
      "accuracy": 0.8949044585987261,
      "precision": 0.9081081081081082,
      "recall": 0.9130434782608695,
      "f1": 0.9105691056910569,
      "false_positive_rate": 0.13076923076923078,
      "false_negative_rate": 0.08695652173913043
    },
    "llm_invoked": 312,
    "regex_only": 630,
    "avg_latency_ms": 6335.62,
    "total_latency_ms": 5968150.09
  },
  "comparison": {
    "api_calls_saved": 312,
    "api_savings_pct": 100.0,
    "latency_reduction_ms": 5607.32,
    "f1_delta": -0.3827
  }
}