{
  "Raw LLM Gate Only": {
    "metrics": {
      "accuracy": 0.553,
      "precision": 0.7823,
      "recall": 0.6366,
      "f1": 0.702
    },
    "avg_latency_ms": 731.64
  },
  "Regex Only": {
    "metrics": {
      "accuracy": 0.541,
      "precision": 0.7734,
      "recall": 0.6294,
      "f1": 0.694
    },
    "avg_latency_ms": 5.21
  },
  "Semantic Cache Only": {
    "metrics": {
      "accuracy": 0.531,
      "precision": 0.8124,
      "recall": 0.5629,
      "f1": 0.665
    },
    "avg_latency_ms": 602.83
  },
  "Parallel Detectors Only": {
    "metrics": {
      "accuracy": 0.7905,
      "precision": 0.8307,
      "recall": 0.9377,
      "f1": 0.881
    },
    "avg_latency_ms": 83.45
  },
  "Regex + Cache": {
    "metrics": {
      "accuracy": 0.826,
      "precision": 0.9851,
      "recall": 0.8017,
      "f1": 0.884
    },
    "avg_latency_ms": 602.83
  },
  "Regex + Parallel Detectors": {
    "metrics": {
      "accuracy": 0.844,
      "precision": 0.9204,
      "recall": 0.8881,
      "f1": 0.904
    },
    "avg_latency_ms": 83.45
  },
  "All Fast Layers (No LLM)": {
    "metrics": {
      "accuracy": 0.8445,
      "precision": 0.9814,
      "recall": 0.8277,
      "f1": 0.898,
      "false_positive_rate": 0.5809248554913294,
      "false_negative_rate": 0.02176541717049577,
      "tp": 1618,
      "fp": 201,
      "tn": 145,
      "fn": 36
    },
    "avg_latency_ms": 689.42
  },
  "Full System": {
    "metrics": {
      "accuracy": 0.888,
      "precision": 0.8902838427947598,
      "recall": 0.9860943168077388,
      "f1": 0.9357429718875502,
      "false_positive_rate": 0.5809248554913294,
      "false_negative_rate": 0.013905683192261185,
      "tp": 1631,
      "fp": 201,
      "tn": 145,
      "fn": 23
    },
    "avg_latency_ms": 24765.064489100037
  },
  "Config 9: Full System (Cold Start)": {
    "metrics": {
      "accuracy": 0.8690835850956697,
      "precision": 0.8643083421330517,
      "recall": 0.9981707317073171,
      "f1": 0.9264289756649687,
      "false_positive_rate": 0.7427745664739884,
      "false_negative_rate": 0.001829268292682927,
      "tp": 1637,
      "fp": 257,
      "tn": 89,
      "fn": 3
    },
    "avg_latency_ms": 24259.07907638479
  }
}