{
  "0.8": {
    "accuracy": 0.6830265848670757,
    "precision": 0.654627539503386,
    "recall": 0.9931506849315068,
    "f1": 0.7891156462585035,
    "false_positive_rate": 0.7766497461928934,
    "false_negative_rate": 0.00684931506849315
  },
  "0.85": {
    "accuracy": 0.6666666666666666,
    "precision": 0.6409691629955947,
    "recall": 0.9965753424657534,
    "f1": 0.7801608579088473,
    "false_positive_rate": 0.815,
    "false_negative_rate": 0.003424657534246575
  },
  "0.9": {
    "accuracy": 0.6545454545454545,
    "precision": 0.6320346320346321,
    "recall": 0.9965870307167235,
    "f1": 0.7735099337748345,
    "false_positive_rate": 0.8415841584158416,
    "false_negative_rate": 0.0034129692832764505
  },
  "0.95": {
    "accuracy": 0.6435845213849287,
    "precision": 0.6252676659528907,
    "recall": 1.0,
    "f1": 0.769433465085639,
    "false_positive_rate": 0.8793969849246231,
    "false_negative_rate": 0.0
  },
  "0.99": {
    "accuracy": 0.6257668711656442,
    "precision": 0.615546218487395,
    "recall": 1.0,
    "f1": 0.7620286085825748,
    "false_positive_rate": 0.9336734693877551,
    "false_negative_rate": 0.0
  }
}