{
  "meta": {
    "timestamp": "2026-06-13T13:06:14.264734+00:00",
    "python_version": "3.13.7 (tags/v3.13.7:bcee1c3, Aug 14 2025, 14:15:11) [MSC v.1944 64 bit (AMD64)]",
    "cwd": "C:\\Users\\Aksha\\OneDrive\\Desktop\\semantic_firewall"
  },
  "num_samples": 209261,
  "tp": 100586,
  "fp": 86445,
  "fn": 32978,
  "overall_metrics": {
    "accuracy": 0.4571903876659591,
    "precision": 0.5378038934722051,
    "recall": 0.7530921505794975,
    "f1": 0.627495750089677,
    "false_positive_rate": 1.0,
    "false_negative_rate": 0.24690784942050253
  },
  "per_type": {
    "IPV6": {
      "tp": 11488,
      "fp": 0,
      "fn": 30
    },
    "DOB": {
      "tp": 4403,
      "fp": 0,
      "fn": 8847
    },
    "EMAIL": {
      "tp": 17949,
      "fp": 0,
      "fn": 19
    },
    "ACCOUNTNUMBER": {
      "tp": 4610,
      "fp": 0,
      "fn": 7863
    },
    "IPV4": {
      "tp": 12047,
      "fp": 0,
      "fn": 22
    },
    "CREDITCARDNUMBER": {
      "tp": 12610,
      "fp": 0,
      "fn": 40
    },
    "PHONENUMBER": {
      "tp": 3132,
      "fp": 0,
      "fn": 8642
    },
    "MAC": {
      "tp": 5216,
      "fp": 0,
      "fn": 3
    },
    "IBAN": {
      "tp": 9886,
      "fp": 0,
      "fn": 5
    },
    "ZIPCODE": {
      "tp": 12056,
      "fp": 0,
      "fn": 15
    },
    "SSN": {
      "tp": 5369,
      "fp": 0,
      "fn": 5327
    },
    "CREDITCARDCVV": {
      "tp": 1820,
      "fp": 0,
      "fn": 2165
    }
  },
  "per_type_metrics": {
    "ACCOUNTNUMBER": {
      "accuracy": 0.3695983323979796,
      "precision": 1.0,
      "recall": 0.3695983323979796,
      "f1": 0.5397178481531346,
      "false_positive_rate": 0.0,
      "false_negative_rate": 0.6304016676020203
    },
    "CREDITCARDCVV": {
      "accuracy": 0.45671267252195735,
      "precision": 1.0,
      "recall": 0.45671267252195735,
      "f1": 0.6270456503014643,
      "false_positive_rate": 0.0,
      "false_negative_rate": 0.5432873274780426
    },
    "CREDITCARDNUMBER": {
      "accuracy": 0.9968379446640316,
      "precision": 1.0,
      "recall": 0.9968379446640316,
      "f1": 0.9984164687252574,
      "false_positive_rate": 0.0,
      "false_negative_rate": 0.0031620553359683794
    },
    "DOB": {
      "accuracy": 0.3323018867924528,
      "precision": 1.0,
      "recall": 0.3323018867924528,
      "f1": 0.4988387242961536,
      "false_positive_rate": 0.0,
      "false_negative_rate": 0.6676981132075471
    },
    "EMAIL": {
      "accuracy": 0.9989425645592164,
      "precision": 1.0,
      "recall": 0.9989425645592164,
      "f1": 0.9994710025893032,
      "false_positive_rate": 0.0,
      "false_negative_rate": 0.0010574354407836154
    },
    "IBAN": {
      "accuracy": 0.9994944899403498,
      "precision": 1.0,
      "recall": 0.9994944899403498,
      "f1": 0.9997471810689184,
      "false_positive_rate": 0.0,
      "false_negative_rate": 0.0005055100596501871
    },
    "IPV4": {
      "accuracy": 0.9981771480652912,
      "precision": 1.0,
      "recall": 0.9981771480652912,
      "f1": 0.9990877425775418,
      "false_positive_rate": 0.0,
      "false_negative_rate": 0.001822851934708758
    },
    "IPV6": {
      "accuracy": 0.9973953811425594,
      "precision": 1.0,
      "recall": 0.9973953811425594,
      "f1": 0.9986959923498219,
      "false_positive_rate": 0.0,
      "false_negative_rate": 0.002604618857440528
    },
    "MAC": {
      "accuracy": 0.9994251772370186,
      "precision": 1.0,
      "recall": 0.9994251772370186,
      "f1": 0.9997125059894586,
      "false_positive_rate": 0.0,
      "false_negative_rate": 0.0005748227629814141
    },
    "PHONENUMBER": {
      "accuracy": 0.2660098522167488,
      "precision": 1.0,
      "recall": 0.2660098522167488,
      "f1": 0.4202334630350195,
      "false_positive_rate": 0.0,
      "false_negative_rate": 0.7339901477832512
    },
    "SSN": {
      "accuracy": 0.5019633507853403,
      "precision": 1.0,
      "recall": 0.5019633507853403,
      "f1": 0.6684095860566448,
      "false_positive_rate": 0.0,
      "false_negative_rate": 0.4980366492146597
    },
    "ZIPCODE": {
      "accuracy": 0.9987573523320354,
      "precision": 1.0,
      "recall": 0.9987573523320354,
      "f1": 0.999378289882704,
      "false_positive_rate": 0.0,
      "false_negative_rate": 0.0012426476679645432
    }
  }
}