{
  "toxicchat": {
    "dataset": "toxicchat",
    "model": "llama_guard_4_12b",
    "total": 2000,
    "tp": 138,
    "fp": 129,
    "tn": 1599,
    "fn": 134,
    "metrics": {
      "accuracy": 0.8685,
      "precision": 0.5168539325842697,
      "recall": 0.5073529411764706,
      "f1": 0.5120593692022264,
      "false_positive_rate": 0.07465277777777778,
      "false_negative_rate": 0.49264705882352944
    },
    "avg_latency_ms": 524.5
  },
  "beavertails": {
    "dataset": "beavertails",
    "model": "llama_guard_4_12b",
    "total": 2000,
    "tp": 696,
    "fp": 220,
    "tn": 614,
    "fn": 470,
    "metrics": {
      "accuracy": 0.655,
      "precision": 0.759825327510917,
      "recall": 0.5969125214408233,
      "f1": 0.6685878962536023,
      "false_positive_rate": 0.2637889688249401,
      "false_negative_rate": 0.40308747855917665
    },
    "avg_latency_ms": 510.34
  }
}