{
  "beavertails_firewall": {
    "metrics": {
      "accuracy": 0.6503340757238307,
      "precision": 0.6526610644257703,
      "recall": 0.8759398496240601,
      "f1": 0.7479935794542536,
      "false_positive_rate": 0.6775956284153005,
      "false_negative_rate": 0.12406015037593984,
      "tp": 466,
      "fp": 248,
      "tn": 118,
      "fn": 66
    },
    "avg_latency_ms": 40915.94162338519,
    "total": 898
  }
}