{
  "semantic_firewall_warm": {
    "metrics": {
      "accuracy": 0.7247547605308713,
      "precision": 0.34057971014492755,
      "recall": 0.914396887159533,
      "f1": 0.4963041182682154,
      "false_positive_rate": 0.30826558265582654,
      "false_negative_rate": 0.08560311284046693
    },
    "avg_latency_ms": 21890.61380380847,
    "total": 1733
  },
  "llama_guard_published": {
    "metrics": {
      "accuracy": 0.8521,
      "precision": 0.7011,
      "recall": 0.7654,
      "f1": 0.732,
      "fp": 0,
      "fn": 0,
      "tp": 0,
      "tn": 0
    },
    "avg_latency_ms": 1200.0,
    "total": 10000
  }
}