{
  "raw_api": {
    "metrics": {
      "accuracy": 0.6373626373626373,
      "precision": 0.7777777777777778,
      "recall": 0.034482758620689655,
      "f1": 0.0660377358490566,
      "false_positive_rate": 0.0058309037900874635,
      "false_negative_rate": 0.9655172413793104,
      "tp": 7,
      "fp": 2,
      "tn": 341,
      "fn": 196
    },
    "avg_latency_ms": 20059.17019468871
  },
  "full_system_warmed": {
    "metrics": {
      "accuracy": 0.6373626373626373,
      "precision": 0.7777777777777778,
      "recall": 0.034482758620689655,
      "f1": 0.0660377358490566,
      "false_positive_rate": 0.0058309037900874635,
      "false_negative_rate": 0.9655172413793104,
      "tp": 7,
      "fp": 2,
      "tn": 341,
      "fn": 196
    },
    "avg_latency_ms": 41928.33659981677
  }
}