{
  "meta": {
    "timestamp": "2026-06-15T04:30:31.503497+00:00",
    "python_version": "3.13.7 (tags/v3.13.7:bcee1c3, Aug 14 2025, 14:15:11) [MSC v.1944 64 bit (AMD64)]",
    "cwd": "C:\\Users\\Aksha\\OneDrive\\Desktop\\semantic_firewall"
  },
  "num_samples": 2000,
  "n_toxic": 384,
  "n_benign": 1616,
  "tp": 267,
  "fp": 120,
  "tn": 1416,
  "fn": 71,
  "overall_metrics": {
    "accuracy": 0.8980789754535753,
    "precision": 0.689922480620155,
    "recall": 0.7899408284023669,
    "f1": 0.736551724137931,
    "false_positive_rate": 0.078125,
    "false_negative_rate": 0.21005917159763313
  },
  "by_severity": {
    "CRITICAL": {
      "tp": 267,
      "fp": 120,
      "tn": 0,
      "fn": 0,
      "count": 387
    },
    "NONE": {
      "tp": 0,
      "fp": 0,
      "tn": 1416,
      "fn": 71,
      "count": 1487
    }
  }
}